<?xml version="1.0" encoding="utf-8"?>
<extension type="module" version="3.2.3">
	<name>JoomSport Season Table</name>
	<author>BearDev</author>
	<creationDate>May 2014</creationDate>
	<copyright>Copyright (C)2009-2014 BearDev. All rights reserved.</copyright>
	<license>http://www.gnu.org/licenses/gpl-2.0.html GNU/GPL</license>
	<authorEmail>admin@beardev.com</authorEmail>
	<authorUrl>www.beardev.com</authorUrl>
	<version>3.2.3</version>
	<description>Season Table module. Allows JoomSport users display short tournament table.</description>
	<files>
		<filename module="mod_js_table">mod_js_table.php</filename>
		<filename module="mod_js_table">mod_js_table.xml</filename>
		<filename module="mod_js_table">helper.php</filename>
		<filename module="mod_js_table">tmpl/default.php</filename>
		<filename module="mod_js_table">css/mod_js_table.css</filename>
		<folder>language</folder>
	</files>
	
	 <languages folder="language">
        <language tag="en-GB">en-GB/en-GB.mod_js_table.ini</language>
		 <language tag="en-GB">en-GB/en-GB.mod_js_table.sys.ini</language>
        <language tag="fr-FR">fr-FR/fr-FR.mod_js_table.ini</language>
		 <language tag="fr-FR">fr-FR/fr-FR.mod_js_table.sys.ini</language>
		<language tag="sv-SE">sv-SE/sv-SE.mod_js_table.ini</language>
		<language tag="sv-SE">sv-SE/sv-SE.mod_js_table.sys.ini</language>
		<language tag="ru-RU">ru-RU/ru-RU.mod_js_table.ini</language>
		<language tag="ru-RU">ru-RU/ru-RU.mod_js_table.sys.ini</language>
		<language tag="pt-PT">pt-PT/pt-PT.mod_js_table.ini</language>
		<language tag="pt-PT">pt-PT/pt-PT.mod_js_table.sys.ini</language>
		<language tag="pl-PL">pl-PL/pl-PL.mod_js_table.ini</language>
		<language tag="pl-PL">pl-PL/pl-PL.mod_js_table.sys.ini</language>
		<language tag="nl-NL">nl-NL/nl-NL.mod_js_table.ini</language>
		<language tag="nl-NL">nl-NL/nl-NL.mod_js_table.sys.ini</language>
		<language tag="de-DE">de-DE/de-DE.mod_js_table.ini</language>
		<language tag="de-DE">de-DE/de-DE.mod_js_table.sys.ini</language>
		<language tag="it-IT">it-IT/it-IT.mod_js_table.ini</language>
		<language tag="it-IT">it-IT/it-IT.mod_js_table.sys.ini</language>
		<language tag="hu-HU">hu-HU/hu-HU.mod_js_table.ini</language>
		<language tag="hu-HU">hu-HU/hu-HU.mod_js_table.sys.ini</language>
		<language tag="es-ES">es-ES/es-ES.mod_js_table.ini</language>
		<language tag="es-ES">es-ES/es-ES.mod_js_table.sys.ini</language>
		<language tag="el-GR">el-GR/el-GR.mod_js_table.ini</language>
		<language tag="el-GR">el-GR/el-GR.mod_js_table.sys.ini</language>
    </languages>
</extension>
