<?xml version="1.0" encoding="utf-8"?>
<extension
	type="module"
	version="3.2.3"
	client="site"
	method="upgrade">
	<name>JoomSport Season Table</name>
	<author>BearDev</author>
	<creationDate>May 2014</creationDate>
	<copyright>Copyright (C)2009-2014 BearDev. All rights reserved.</copyright>
	<license>http://www.gnu.org/licenses/gpl-2.0.html GNU/GPL</license>
	<authorEmail>admin@beardev.com</authorEmail>
	<authorUrl>www.beardev.com</authorUrl>
	<version>3.2.3</version>
	<description>Season Table module. Allows JoomSport users display short tournament table.</description>
	<files>
		<filename module="mod_js_table">mod_js_table.php</filename>
		<filename module="mod_js_table">helper.php</filename>
		<filename module="mod_js_table">tmpl/default.php</filename>
		<filename module="mod_js_table">css/mod_js_table.css</filename>
		<folder>language</folder>
	</files>
	 <languages folder="language">
        <language tag="en-GB">en-GB/en-GB.mod_js_table.ini</language>
		 <language tag="en-GB">en-GB/en-GB.mod_js_table.sys.ini</language>
        <language tag="fr-FR">fr-FR/fr-FR.mod_js_table.ini</language>
		 <language tag="fr-FR">fr-FR/fr-FR.mod_js_table.sys.ini</language>
		<language tag="sv-SE">sv-SE/sv-SE.mod_js_table.ini</language>
		<language tag="sv-SE">sv-SE/sv-SE.mod_js_table.sys.ini</language>
		<language tag="ru-RU">ru-RU/ru-RU.mod_js_table.ini</language>
		<language tag="ru-RU">ru-RU/ru-RU.mod_js_table.sys.ini</language>
		<language tag="pt-PT">pt-PT/pt-PT.mod_js_table.ini</language>
		<language tag="pt-PT">pt-PT/pt-PT.mod_js_table.sys.ini</language>
		<language tag="pl-PL">pl-PL/pl-PL.mod_js_table.ini</language>
		<language tag="pl-PL">pl-PL/pl-PL.mod_js_table.sys.ini</language>
		<language tag="nl-NL">nl-NL/nl-NL.mod_js_table.ini</language>
		<language tag="nl-NL">nl-NL/nl-NL.mod_js_table.sys.ini</language>
		<language tag="de-DE">de-DE/de-DE.mod_js_table.ini</language>
		<language tag="de-DE">de-DE/de-DE.mod_js_table.sys.ini</language>
		<language tag="it-IT">it-IT/it-IT.mod_js_table.ini</language>
		<language tag="it-IT">it-IT/it-IT.mod_js_table.sys.ini</language>
		<language tag="hu-HU">hu-HU/hu-HU.mod_js_table.ini</language>
		<language tag="hu-HU">hu-HU/hu-HU.mod_js_table.sys.ini</language>
		<language tag="es-ES">es-ES/es-ES.mod_js_table.ini</language>
		<language tag="es-ES">es-ES/es-ES.mod_js_table.sys.ini</language>
		<language tag="el-GR">el-GR/el-GR.mod_js_table.ini</language>
		<language tag="el-GR">el-GR/el-GR.mod_js_table.sys.ini</language>
    </languages>
	<config>
		<fields name="params">
			<fieldset name="basic" addfieldpath="/administrator/components/com_joomsport/fields">
			<field name="sidgid" type="moduleseas" default="0" label="MOD_JS_SELSEASON" description="MOD_JS_SELSEASON" />
			<field name="place_display" type="text" default="0" label="MOD_JS_DISPLCOUNT" description="MOD_JS_TT_DISPLCOUNT" />
			<field name="team_id" type="ymodteam" default="0" label="Set participant" description="Your team" />
			
			<field name="played_chk" type="radio" class="btn-group" default="0" label="MTBL_PLAYED" description="MOD_JS_CHECKTODISPL">
				<option value="0">MOD_JS_NO</option>
				<option value="1">MOD_JS_YES</option>
			</field>
			<field name="emblem_chk" type="radio" class="btn-group" default="0" label="MOD_JS_EMBLEM" description="MOD_JS_CHECKTODISPL">
				<option value="0">MOD_JS_NO</option>
				<option value="1">MOD_JS_YES</option>
			</field>

			<field name="win_chk" type="radio" class="btn-group" default="0" label="BL_TBL_WINS" description="MOD_JS_CHECKTODISPL">
				<option value="0">MOD_JS_NO</option>
				<option value="1">MOD_JS_YES</option>
			</field>
			<field name="lost_chk" type="radio" class="btn-group" default="0" label="BL_TBL_LOST" description="MOD_JS_CHECKTODISPL">
				<option value="0">MOD_JS_NO</option>
				<option value="1">MOD_JS_YES</option>
			</field>
			<field name="draw_chk" type="radio" class="btn-group" default="0" label="BL_TBL_DRAW" description="MOD_JS_CHECKTODISPL">
				<option value="0">MOD_JS_NO</option>
				<option value="1">MOD_JS_YES</option>
			</field>
			<field name="diff_chk" type="radio" class="btn-group" default="0" label="BL_TBL_DIFF" description="MOD_JS_CHECKTODISPL">
				<option value="0">MOD_JS_NO</option>
				<option value="1">MOD_JS_YES</option>
			</field>
			<field name="gd_chk" type="radio" class="btn-group" default="0" label="BL_TBL_GD" description="MOD_JS_CHECKTODISPL">
				<option value="0">MOD_JS_NO</option>
				<option value="1">MOD_JS_YES</option>
			</field>
			<field name="point_chk" type="radio" class="btn-group" default="1" label="MTBL_POINTS" description="MOD_JS_CHECKTODISPL">
				<option value="0">MOD_JS_NO</option>
				<option value="1">MOD_JS_YES</option>
			</field>
			<field name="percent_chk" type="radio" class="btn-group" default="0" label="BL_TBL_WINPERCENT" description="MOD_JS_CHECKTODISPL">
				<option value="0">MOD_JS_NO</option>
				<option value="1">MOD_JS_YES</option>
			</field>
			<field name="goalscore_chk" type="radio" class="btn-group" default="0" label="MTBL_TTGSC" description="MOD_JS_CHECKTODISPL">
				<option value="0">MOD_JS_NO</option>
				<option value="1">MOD_JS_YES</option>
			</field>
			<field name="goalconc_chk" type="radio" class="btn-group" default="0" label="MTBL_TTGCC" description="MOD_JS_CHECKTODISPL">
				<option value="0">MOD_JS_NO</option>
				<option value="1">MOD_JS_YES</option>
			</field>
			<field name="winhome_chk" type="radio" class="btn-group" default="0" label="MTBL_TTWHC" description="MOD_JS_CHECKTODISPL">
				<option value="0">MOD_JS_NO</option>
				<option value="1">MOD_JS_YES</option>
			</field>
			<field name="winaway_chk" type="radio" class="btn-group" default="0" label="MTBL_TTWAC" description="MOD_JS_CHECKTODISPL">
				<option value="0">MOD_JS_NO</option>
				<option value="1">MOD_JS_YES</option>
			</field>
			<field name="drawhome_chk" type="radio" class="btn-group" default="0" label="MTBL_TTDHC" description="MOD_JS_CHECKTODISPL">
				<option value="0">MOD_JS_NO</option>
				<option value="1">MOD_JS_YES</option>
			</field>
			<field name="drawaway_chk" type="radio" class="btn-group" default="0" label="MTBL_TTDAC" description="MOD_JS_CHECKTODISPL">
				<option value="0">MOD_JS_NO</option>
				<option value="1">MOD_JS_YES</option>
			</field>
			<field name="losthome_chk" type="radio" class="btn-group" default="0" label="MTBL_TTLHC" description="MOD_JS_CHECKTODISPL">
				<option value="0">MOD_JS_NO</option>
				<option value="1">MOD_JS_YES</option>
			</field>
			<field name="lostaway_chk" type="radio" class="btn-group" default="0" label="MTBL_TTLAC" description="MOD_JS_CHECKTODISPL">
				<option value="0">MOD_JS_NO</option>
				<option value="1">MOD_JS_YES</option>
			</field>
			<field name="pointshome_chk" type="radio" class="btn-group" default="0" label="MTBL_TTPHC" description="MOD_JS_CHECKTODISPL">
				<option value="0">MOD_JS_NO</option>
				<option value="1">MOD_JS_YES</option>
			</field>
			<field name="pointsaway_chk" type="radio" class="btn-group" default="0" label="MTBL_TTPAC" description="MOD_JS_CHECKTODISPL">
				<option value="0">MOD_JS_NO</option>
				<option value="1">MOD_JS_YES</option>
			</field>
			<field name="grwin_chk" type="radio" class="btn-group" default="0" label="MTBL_TTWIN" description="MOD_JS_CHECKTODISPL">
				<option value="0">MOD_JS_NO</option>
				<option value="1">MOD_JS_YES</option>
			</field>
			<field name="grlost_chk" type="radio" class="btn-group" default="0" label="MTBL_TTLOS" description="MOD_JS_CHECKTODISPL">
				<option value="0">MOD_JS_NO</option>
				<option value="1">MOD_JS_YES</option>
			</field>
			<field name="grwinpr_chk" type="radio" class="btn-group" default="0" label="MTBL_TTWINPR" description="MOD_JS_CHECKTODISPL">
				<option value="0">MOD_JS_NO</option>
				<option value="1">MOD_JS_YES</option>
			</field>
			<field name="otwin_chk" type="radio" class="btn-group" default="0" label="MTBL_TTOTLOS" description="MOD_JS_CHECKTODISPL">
				<option value="0">MOD_JS_NO</option>
				<option value="1">MOD_JS_YES</option>
			</field>
			<field name="otlost_chk" type="radio" class="btn-group" default="0" label="MTBL_TTOTWINPR" description="MOD_JS_CHECKTODISPL">
				<option value="0">MOD_JS_NO</option>
				<option value="1">MOD_JS_YES</option>
			</field>
			<field name="color_chk" type="radio" class="btn-group" default="0" label="MTBL_TTOTCOLOR" description="MOD_JS_CHECKTODISPL">
				<option value="0">MOD_JS_NO</option>
				<option value="1">MOD_JS_YES</option>
			</field>
			<field name="customitemid" type="text" default="0" label="MOD_JS_SETITEMID" description="MOD_JS_TT_SETITEMID" />
			<field name="moduleclass_sfx" type="text" default="" label="COM_MODULES_FIELD_MODULECLASS_SFX_LABEL" description="COM_MODULES_FIELD_MODULECLASS_SFX_DESC" />
		</fieldset>
	</fields>
    </config>
	<params addpath="/administrator/components/com_joomsport/elements">
		<param name="sidgid" type="moduleseasgr" default="0" label="MOD_JS_SELSEASON" description="MOD_JS_SELSEASON" />
		<param name="place_display" type="text" default="0" label="MOD_JS_DISPLCOUNT" description="MOD_JS_TT_DISPLCOUNT" />
		
		<param name="played_chk" type="radio" class="btn-group" default="0" label="MTBL_PLAYED" description="MOD_JS_CHECKTODISPL">
			<option value="0">MOD_JS_NO</option>
			<option value="1">MOD_JS_YES</option>
		</param>
		<param name="emblem_chk" type="radio" class="btn-group" default="0" label="MOD_JS_EMBLEM" description="MOD_JS_CHECKTODISPL">
			<option value="0">MOD_JS_NO</option>
			<option value="1">MOD_JS_YES</option>
		</param>

		<param name="win_chk" type="radio" class="btn-group" default="0" label="BL_TBL_WINS" description="MOD_JS_CHECKTODISPL">
			<option value="0">MOD_JS_NO</option>
			<option value="1">MOD_JS_YES</option>
		</param>
		<param name="lost_chk" type="radio" class="btn-group" default="0" label="BL_TBL_LOST" description="MOD_JS_CHECKTODISPL">
			<option value="0">MOD_JS_NO</option>
			<option value="1">MOD_JS_YES</option>
		</param>
		<param name="draw_chk" type="radio" class="btn-group" default="0" label="BL_TBL_DRAW" description="MOD_JS_CHECKTODISPL">
			<option value="0">MOD_JS_NO</option>
			<option value="1">MOD_JS_YES</option>
		</param>
		<param name="diff_chk" type="radio" default="0" label="BL_TBL_DIFF" description="MOD_JS_CHECKTODISPL">
			<option value="0">MOD_JS_NO</option>
			<option value="1">MOD_JS_YES</option>
		</param>
		<param name="gd_chk" type="radio" default="0" label="BL_TBL_GD" description="MOD_JS_CHECKTODISPL">
			<option value="0">MOD_JS_NO</option>
			<option value="1">MOD_JS_YES</option>
		</param>
		<param name="point_chk" type="radio" default="1" label="MTBL_POINTS" description="MOD_JS_CHECKTODISPL">
			<option value="0">MOD_JS_NO</option>
			<option value="1">MOD_JS_YES</option>
		</param>
		<param name="percent_chk" type="radio" default="0" label="BL_TBL_WINPERCENT" description="MOD_JS_CHECKTODISPL">
			<option value="0">MOD_JS_NO</option>
			<option value="1">MOD_JS_YES</option>
		</param>
		<param name="goalscore_chk" type="radio" default="0" label="MTBL_TTGSC" description="MOD_JS_CHECKTODISPL">
			<option value="0">MOD_JS_NO</option>
			<option value="1">MOD_JS_YES</option>
		</param>
		<param name="goalconc_chk" type="radio" default="0" label="MTBL_TTGCC" description="MOD_JS_CHECKTODISPL">
			<option value="0">MOD_JS_NO</option>
			<option value="1">MOD_JS_YES</option>
		</param>
		<param name="winhome_chk" type="radio" default="0" label="MTBL_TTWHC" description="MOD_JS_CHECKTODISPL">
			<option value="0">MOD_JS_NO</option>
			<option value="1">MOD_JS_YES</option>
		</param>
		<param name="winaway_chk" type="radio" default="0" label="MTBL_TTWAC" description="MOD_JS_CHECKTODISPL">
			<option value="0">MOD_JS_NO</option>
			<option value="1">MOD_JS_YES</option>
		</param>
		<param name="drawhome_chk" type="radio" default="0" label="MTBL_TTDHC" description="MOD_JS_CHECKTODISPL">
			<option value="0">MOD_JS_NO</option>
			<option value="1">MOD_JS_YES</option>
		</param>
		<param name="drawaway_chk" type="radio" default="0" label="MTBL_TTDAC" description="MOD_JS_CHECKTODISPL">
			<option value="0">MOD_JS_NO</option>
			<option value="1">MOD_JS_YES</option>
		</param>
		<param name="losthome_chk" type="radio" default="0" label="MTBL_TTLHC" description="MOD_JS_CHECKTODISPL">
			<option value="0">MOD_JS_NO</option>
			<option value="1">MOD_JS_YES</option>
		</param>
		<param name="lostaway_chk" type="radio" default="0" label="MTBL_TTLAC" description="MOD_JS_CHECKTODISPL">
			<option value="0">MOD_JS_NO</option>
			<option value="1">MOD_JS_YES</option>
		</param>
		<param name="pointshome_chk" type="radio" default="0" label="MTBL_TTPHC" description="MOD_JS_CHECKTODISPL">
			<option value="0">MOD_JS_NO</option>
			<option value="1">MOD_JS_YES</option>
		</param>
		<param name="pointsaway_chk" type="radio" default="0" label="MTBL_TTPAC" description="MOD_JS_CHECKTODISPL">
			<option value="0">MOD_JS_NO</option>
			<option value="1">MOD_JS_YES</option>
		</param>
		<param name="grwin_chk" type="radio" default="0" label="MTBL_TTWIN" description="MOD_JS_CHECKTODISPL">
				<option value="0">MOD_JS_NO</option>
				<option value="1">MOD_JS_YES</option>
		</param>
		<param name="grlost_chk" type="radio" default="0" label="MTBL_TTLOS" description="MOD_JS_CHECKTODISPL">
				<option value="0">MOD_JS_NO</option>
				<option value="1">MOD_JS_YES</option>
		</param>
		<param name="grwinpr_chk" type="radio" default="0" label="MTBL_TTWINPR" description="MOD_JS_CHECKTODISPL">
				<option value="0">MOD_JS_NO</option>
				<option value="1">MOD_JS_YES</option>
		</param>
		<param name="otwin_chk" type="radio" default="0" label="MTBL_TTOTLOS" description="MOD_JS_CHECKTODISPL">
				<option value="0">MOD_JS_NO</option>
				<option value="1">MOD_JS_YES</option>
		</param>
		<param name="otlost_chk" type="radio" default="0" label="MTBL_TTOTWINPR" description="MOD_JS_CHECKTODISPL">
				<option value="0">MOD_JS_NO</option>
				<option value="1">MOD_JS_YES</option>
		</param>
		<param name="color_chk" type="radio" default="0" label="MTBL_TTOTCOLOR" description="MOD_JS_CHECKTODISPL">
				<option value="0">MOD_JS_NO</option>
				<option value="1">MOD_JS_YES</option>
		</param>
		<param name="customitemid" type="text" default="0" label="MOD_JS_SETITEMID" description="MOD_JS_TT_SETITEMID" />
		<param name="moduleclass_sfx" type="text" default="" label="Module Class Suffix" description="PARAMMODULECLASSSUFFIX" />
	</params>
</extension>
